date,open,close,high,low,volume,amount,pct_chg,turnover
2024-06-26,2.04,2.07,2.08,1.96,603456.0,,,
2024-06-27,2.05,2.0,2.07,1.99,447360.0,,-3.38,
2024-06-28,1.98,2.03,2.09,1.98,515848.0,,1.5,
2024-07-01,2.01,2.0,2.03,1.96,417886.0,,-1.48,
2024-07-02,1.99,2.04,2.08,1.98,510066.0,,2.0,
2024-07-03,2.03,2.04,2.08,2.01,351727.0,,0.0,
2024-07-04,2.03,1.94,2.05,1.93,435445.0,,-4.9,
2024-07-05,1.93,2.0,2.01,1.91,426020.0,,3.09,
2024-07-08,1.96,1.9,1.99,1.9,412961.0,,-5.0,
2024-07-09,1.92,1.92,1.94,1.84,370755.0,,1.05,
2024-07-10,1.92,1.88,1.92,1.87,279680.0,,-2.08,
2024-07-11,1.91,1.97,1.99,1.91,460118.59,,4.79,
2024-07-12,1.95,1.96,2.01,1.95,293959.0,,-0.51,
2024-07-15,1.94,1.91,1.97,1.9,228705.0,,-2.55,
2024-07-16,1.9,1.9,1.92,1.88,197410.0,,-0.52,
2024-07-17,1.9,1.85,1.91,1.84,290973.0,,-2.63,
2024-07-18,1.85,1.82,1.85,1.79,301458.0,,-1.62,
2024-07-19,1.82,1.81,1.85,1.8,245735.0,,-0.55,
2024-07-22,1.82,1.86,1.89,1.82,327635.0,,2.76,
2024-07-23,1.86,1.82,1.89,1.82,246035.0,,-2.15,
2024-07-24,1.81,1.79,1.84,1.76,325617.98,,-1.65,
2024-07-25,1.78,1.8,1.82,1.76,240707.0,,0.56,
2024-07-26,1.83,2.16,2.16,1.82,1536667.0,,20.0,
2024-07-29,2.22,2.59,2.59,2.18,3090219.78,,19.91,
2024-07-30,2.57,2.62,2.94,2.43,3348545.66,,1.16,
2024-07-31,2.49,2.57,2.72,2.4,2744900.58,,-1.91,
2024-08-01,2.56,2.7,2.78,2.51,2598111.14,,5.06,
2024-08-02,2.6,2.44,2.65,2.43,2022962.0,,-9.63,
2024-08-05,2.45,2.8,2.93,2.45,3316812.82,,14.75,
2024-08-06,2.63,2.69,2.74,2.53,2256872.04,,-3.93,
2024-08-07,2.62,2.73,2.86,2.56,2052930.45,,1.49,
2024-08-08,2.67,2.58,2.93,2.56,2268329.63,,-5.49,
2024-08-09,2.47,2.35,2.52,2.34,1748944.5,,-8.91,
2024-08-12,2.34,2.27,2.4,2.25,923443.91,,-3.4,
2024-08-13,2.25,2.29,2.34,2.2,933073.0,,0.88,
2024-08-14,2.28,2.23,2.29,2.23,722878.0,,-2.62,
2024-08-15,2.23,2.37,2.43,2.2,1391225.81,,6.28,
2024-08-16,2.38,2.28,2.39,2.25,975279.98,,-3.8,
2024-08-19,2.25,2.24,2.28,2.23,578852.0,,-1.75,
2024-08-20,2.25,2.25,2.28,2.2,513675.0,,0.45,
2024-08-21,2.23,2.16,2.24,2.15,601264.6,,-4.0,
2024-08-22,2.16,2.15,2.23,2.14,617647.98,,-0.46,
2024-08-23,2.18,2.21,2.28,2.18,727012.63,,2.79,
2024-08-26,2.24,2.5,2.64,2.22,2098149.61,,13.12,
2024-08-27,2.41,2.33,2.47,2.3,1426441.29,,-6.8,
2024-08-28,2.3,2.22,2.39,2.21,902652.0,,-4.72,
2024-08-29,2.13,2.17,2.19,2.07,875568.12,,-2.25,
2024-08-30,2.18,2.27,2.35,2.16,1024742.74,,4.61,
2024-09-02,2.29,2.2,2.29,2.19,639816.31,,-3.08,
2024-09-03,2.2,2.23,2.28,2.18,539711.31,,1.36,
2024-09-04,2.22,2.25,2.31,2.21,616640.64,,0.9,
2024-09-05,2.23,2.22,2.26,2.2,481108.0,,-1.33,
2024-09-06,2.22,2.23,2.28,2.22,590115.35,,0.45,
2024-09-09,2.22,2.19,2.25,2.13,448744.98,,-1.79,
2024-09-10,2.18,2.27,2.33,2.18,960893.33,,3.65,
2024-09-11,2.27,2.22,2.3,2.2,536320.98,,-2.2,
2024-09-12,2.22,2.21,2.26,2.2,415420.98,,-0.45,
2024-09-13,2.21,2.14,2.23,2.13,472203.0,,-3.17,
2024-09-18,2.16,2.15,2.18,2.13,294734.0,,0.47,
2024-09-19,2.16,2.25,2.33,2.14,896795.0,,4.65,
2024-09-20,2.25,2.21,2.25,2.2,605436.0,,-1.78,
2024-09-23,2.22,2.22,2.27,2.2,447470.0,,0.45,
2024-09-24,2.22,2.3,2.3,2.22,823022.0,,3.6,
2024-09-25,2.32,2.38,2.47,2.29,1166267.56,,3.48,
2024-09-26,2.35,2.41,2.42,2.33,998388.21,,1.26,
2024-09-27,2.43,2.54,2.6,2.4,1449244.21,,5.39,
2024-09-30,2.68,2.97,3.02,2.58,2134218.85,,16.93,
2024-10-08,3.56,3.55,3.56,3.18,2677639.75,,19.53,
2024-10-09,3.39,2.95,3.39,2.94,2152709.63,,-16.9,
2024-10-10,3.04,2.98,3.16,2.91,1380093.53,,1.02,
2024-10-11,2.93,2.74,2.93,2.67,1245189.91,,-8.05,
2024-10-14,2.8,3.0,3.2,2.8,1776701.46,,9.49,
2024-10-15,2.9,3.09,3.2,2.85,2130708.37,,3.0,
2024-10-16,3.0,3.12,3.25,2.96,1820654.81,,0.97,
2024-10-17,3.16,3.03,3.19,3.02,1540704.27,,-2.88,
2024-10-18,2.96,3.07,3.12,2.9,1678985.9,,1.32,
2024-10-21,3.07,3.3,3.38,3.05,2407377.54,,7.49,
2024-10-22,3.35,3.21,3.43,3.17,1932578.92,,-2.73,
2024-10-23,3.15,3.34,3.56,3.14,2408537.37,,4.05,
2024-10-24,3.32,3.23,3.37,3.17,1442381.0,,-3.29,
2024-10-25,3.2,3.16,3.27,3.14,1357867.41,,-2.17,
2024-10-28,3.14,3.3,3.35,3.11,1659575.42,,4.43,
2024-10-29,3.3,3.17,3.47,3.17,1456766.0,,-3.94,
2024-10-30,3.13,3.6,3.75,3.09,3210819.21,,13.56,
2024-10-31,3.54,3.87,4.15,3.43,3608308.03,,7.5,
2024-11-01,4.05,4.01,4.6,3.91,3929696.75,,3.62,
2024-11-04,3.88,4.22,4.38,3.8,2692439.66,,5.24,
2024-11-05,4.16,4.23,4.4,4.08,2586977.86,,0.24,
2024-11-06,4.43,4.25,4.65,4.21,2568950.55,,0.47,
2024-11-07,4.04,4.28,4.53,3.91,2565459.91,,0.71,
2024-11-08,4.26,4.1,4.38,4.1,1846887.49,,-4.21,
2024-11-11,4.05,4.09,4.13,4.01,1228952.09,,-0.24,
2024-11-12,4.09,3.91,4.11,3.85,1446865.82,,-4.4,
2024-11-13,3.83,3.88,3.95,3.75,955443.0,,-0.77,
2024-11-14,3.9,3.72,3.91,3.7,767101.91,,-4.12,
2024-11-15,3.68,3.51,3.72,3.49,1082745.73,,-5.65,
2024-11-18,3.52,3.37,3.56,3.31,955472.52,,-3.99,
2024-11-19,3.41,3.46,3.46,3.26,977858.7,,2.67,
2024-11-20,3.45,3.73,3.79,3.41,1646151.53,,7.8,
2024-11-21,3.65,3.83,3.93,3.62,1588578.94,,2.68,
2024-11-22,3.84,3.59,3.93,3.58,1276493.94,,-6.27,
2024-11-25,3.48,3.55,3.57,3.45,798006.85,,-1.11,
2024-11-26,3.53,3.59,3.74,3.5,809818.0,,1.13,
2024-11-27,3.55,3.66,3.67,3.39,822480.0,,1.95,
2024-11-28,3.68,3.66,3.78,3.62,854284.83,,0.0,
2024-11-29,3.6,3.63,3.7,3.52,802756.0,,-0.82,
2024-12-02,3.64,3.78,3.8,3.64,1038401.0,,4.13,
2024-12-03,3.74,3.85,3.91,3.68,1229435.0,,1.85,
2024-12-04,3.84,4.0,4.0,3.76,1689265.83,,3.9,
2024-12-05,4.03,3.96,4.09,3.9,1150195.0,,-1.0,
2024-12-06,3.9,3.97,4.05,3.83,1218257.0,,0.25,
2024-12-09,3.93,3.85,4.02,3.81,904714.0,,-3.02,
2024-12-10,3.99,4.1,4.23,3.91,2112939.98,,6.49,
2024-12-11,4.0,4.03,4.07,3.99,1089493.0,,-1.71,
2024-12-12,4.0,4.0,4.12,3.93,1200841.0,,-0.74,
2024-12-13,3.96,3.84,4.01,3.84,989792.17,,-4.0,
2024-12-16,3.82,3.86,3.95,3.81,671920.0,,0.52,
2024-12-17,3.85,3.58,3.85,3.56,909801.0,,-7.25,
2024-12-18,3.58,3.55,3.62,3.51,573125.0,,-0.84,
2024-12-19,3.49,3.54,3.56,3.47,469228.02,,-0.28,
2024-12-20,3.52,3.65,3.72,3.51,650545.17,,3.11,
2024-12-23,3.55,3.12,3.55,3.11,1807397.81,,-14.52,
2024-12-24,3.1,2.98,3.14,2.9,1305270.1,,-4.49,
2024-12-25,2.95,2.79,2.97,2.74,1140710.27,,-6.38,
2024-12-26,2.78,2.78,2.85,2.76,785060.32,,-0.36,
2024-12-27,2.86,3.02,3.24,2.86,1852388.19,,8.63,
2024-12-30,3.0,2.89,3.02,2.86,1054767.0,,-4.3,
2024-12-31,2.86,2.76,2.9,2.74,778649.0,,-4.5,
2025-01-02,2.7,2.7,2.8,2.66,641572.02,,-2.17,
2025-01-03,2.57,2.44,2.64,2.43,1246702.0,,-9.63,
2025-01-06,2.4,2.4,2.44,2.31,697154.0,,-1.64,
2025-01-07,2.4,2.55,2.55,2.4,767697.0,,6.25,
2025-01-08,2.53,2.54,2.57,2.43,728645.0,,-0.39,
2025-01-09,2.54,2.58,2.62,2.51,615621.0,,1.57,
2025-01-10,2.56,2.46,2.62,2.46,553326.0,,-4.65,
2025-01-13,2.38,2.47,2.48,2.33,462678.0,,0.41,
2025-01-14,2.5,2.62,2.62,2.48,721657.0,,6.07,
2025-01-15,2.62,2.61,2.66,2.56,560187.0,,-0.38,
2025-01-16,2.64,2.66,2.75,2.63,704986.0,,1.92,
2025-01-17,2.66,2.6,2.68,2.58,433585.0,,-2.26,
2025-01-20,2.62,2.6,2.64,2.55,417043.0,,0.0,
2025-01-21,2.08,2.16,2.26,2.08,2650026.56,,-16.92,
2025-01-22,2.08,2.0,2.1,1.98,1467891.0,,-7.41,
2025-01-23,2.03,1.99,2.13,1.99,1194978.0,,-0.5,
2025-01-24,1.99,1.94,1.99,1.91,1000814.0,,-2.51,
2025-01-27,1.94,1.91,1.99,1.9,662161.0,,-1.55,
2025-02-05,1.93,2.07,2.09,1.91,1189969.0,,8.38,
2025-02-06,2.11,2.11,2.12,2.0,992137.83,,1.93,
2025-02-07,2.12,2.44,2.53,2.11,2801576.44,,15.64,
2025-02-10,2.37,2.44,2.45,2.33,1870425.0,,0.0,
2025-02-11,2.44,2.37,2.45,2.35,920354.0,,-2.87,
2025-02-12,2.35,2.39,2.49,2.35,1082842.0,,0.84,
2025-02-13,2.41,2.45,2.62,2.38,1921745.68,,2.51,
2025-02-14,2.4,2.36,2.41,2.3,1253126.07,,-3.67,
2025-02-17,2.37,2.49,2.57,2.35,1642773.07,,5.51,
2025-02-18,2.5,2.37,2.53,2.36,1048395.0,,-4.82,
2025-02-19,2.37,2.42,2.45,2.36,875386.0,,2.11,
2025-02-20,2.4,2.43,2.46,2.37,845849.2,,0.41,
2025-02-21,2.42,2.41,2.44,2.33,885519.0,,-0.82,
2025-02-24,2.57,2.89,2.89,2.57,2686216.9,,19.92,
2025-02-25,2.94,3.02,3.3,2.9,4319527.43,,4.5,
2025-02-26,2.95,2.94,3.12,2.91,2413144.93,,-2.65,
2025-02-27,2.93,3.07,3.19,2.87,2463000.04,,4.42,
2025-02-28,2.92,2.73,2.99,2.71,2193207.44,,-11.07,
2025-03-03,2.7,2.61,2.74,2.57,1559815.33,,-4.4,
2025-03-04,2.56,2.7,2.8,2.55,1443673.0,,3.45,
2025-03-05,2.65,2.67,2.69,2.58,1103205.84,,-1.11,
2025-03-06,2.72,2.72,2.77,2.67,1240068.0,,1.87,
2025-03-07,2.71,2.82,3.0,2.67,2092757.8,,3.68,
2025-03-10,2.77,2.79,2.88,2.74,1057559.0,,-1.06,
2025-03-11,2.7,2.76,2.78,2.68,826001.0,,-1.08,
2025-03-12,2.76,2.83,2.84,2.74,1129667.0,,2.54,
2025-03-13,2.84,2.73,2.84,2.68,894294.0,,-3.53,
2025-03-14,2.71,2.74,2.78,2.64,889596.8,,0.37,
2025-03-17,2.7,2.64,2.75,2.63,1119717.0,,-3.65,
2025-03-18,2.45,2.33,2.45,2.11,2251238.46,,-11.74,
2025-03-20,1.86,1.86,1.91,1.86,1044050.83,,-20.17,
2025-03-21,1.7,1.76,1.84,1.65,2250151.88,,-5.38,
2025-03-24,1.74,1.71,1.78,1.66,1322955.99,,-2.84,
2025-03-25,1.7,1.79,1.85,1.69,1278904.32,,4.68,
2025-03-26,1.76,1.82,1.82,1.75,831348.79,,1.68,
2025-03-27,1.82,1.89,1.97,1.81,1105211.29,,3.85,
2025-03-28,1.87,1.84,1.9,1.83,725225.64,,-2.65,
2025-03-31,1.86,1.87,1.91,1.84,602488.34,,1.63,
2025-04-01,1.86,1.84,1.89,1.83,536505.82,,-1.6,
2025-04-02,1.83,1.76,1.84,1.74,819571.0,,-4.35,
2025-04-03,1.74,1.77,1.79,1.74,408615.04,,0.57,
2025-04-07,1.65,1.53,1.71,1.47,990229.15,,-13.56,
2025-04-08,1.58,1.6,1.63,1.57,728344.44,,4.58,
2025-04-09,1.57,1.7,1.74,1.56,938296.79,,6.25,
2025-04-10,1.73,1.74,1.78,1.69,817445.59,,2.35,
2025-04-11,1.72,1.73,1.76,1.71,563200.0,,-0.57,
2025-04-14,1.74,1.8,1.8,1.74,621953.15,,4.05,
2025-04-15,1.82,1.8,1.83,1.78,460397.2,,0.0,
2025-04-16,1.81,1.76,1.85,1.73,647018.83,,-2.22,
2025-04-17,1.74,1.76,1.79,1.71,430004.04,,0.0,
2025-04-18,1.78,1.77,1.8,1.74,398188.0,,0.57,
2025-04-21,1.77,1.8,1.82,1.76,421080.31,,1.69,
2025-04-22,1.79,1.8,1.82,1.77,405223.0,,0.0,
2025-04-23,1.8,1.85,1.88,1.79,678285.7,,2.78,
2025-04-24,1.84,1.79,1.84,1.78,522775.0,,-3.24,
2025-04-25,1.79,1.78,1.81,1.78,329783.0,,-0.56,
2025-04-28,1.8,1.78,1.84,1.78,423966.0,,0.0,
2025-04-29,1.75,1.76,1.78,1.74,357786.09,,-1.12,
2025-04-30,1.76,1.78,1.8,1.74,360057.01,,1.14,
2025-05-06,1.78,1.83,1.85,1.78,535021.96,,2.81,
2025-05-07,1.84,1.97,2.08,1.84,1323165.07,,7.65,
2025-05-08,1.95,2.04,2.09,1.93,965847.75,,3.55,
2025-05-09,2.04,1.98,2.05,1.97,632230.0,,-2.94,
2025-05-12,2.0,2.04,2.08,2.0,680541.35,,3.03,
2025-05-13,2.06,1.98,2.07,1.97,634770.35,,-2.94,
2025-05-14,1.98,2.01,2.03,1.98,423731.0,,1.52,
2025-05-15,2.01,2.08,2.17,2.0,773831.0,,3.48,
2025-05-16,2.06,2.09,2.14,2.05,499856.35,,0.48,
2025-05-19,2.13,2.2,2.24,2.1,693783.75,,5.26,
2025-05-20,2.2,2.21,2.32,2.17,809450.75,,0.45,
2025-05-21,2.2,2.18,2.21,2.13,584331.0,,-1.36,
2025-05-22,2.17,2.21,2.28,2.16,605320.0,,1.38,
2025-05-23,2.21,2.22,2.26,2.19,488438.0,,0.45,
2025-05-26,2.23,2.28,2.28,2.21,550299.03,,2.7,
2025-05-27,2.27,2.33,2.34,2.26,544745.79,,2.19,
2025-05-28,2.32,2.27,2.37,2.26,575048.0,,-2.58,
2025-05-29,2.3,2.27,2.3,2.21,475051.35,,0.0,
2025-05-30,2.26,2.16,2.27,2.11,610827.96,,-4.85,
2025-06-03,2.16,2.27,2.28,2.13,567539.95,,5.09,
2025-06-04,2.4,2.36,2.5,2.28,1660708.91,,3.96,
2025-06-05,2.33,2.32,2.4,2.29,859738.42,,-1.69,
2025-06-06,2.34,2.43,2.45,2.34,894254.38,,4.74,
2025-06-09,2.45,2.52,2.54,2.41,839572.96,,3.7,
2025-06-10,2.5,2.43,2.51,2.4,804579.0,,-3.57,
2025-06-11,2.42,2.4,2.47,2.4,512757.44,,-1.23,
2025-06-12,2.48,2.53,2.58,2.47,909821.8,,5.42,
2025-06-13,2.54,2.56,2.6,2.45,792358.0,,1.19,
2025-06-16,2.52,2.55,2.57,2.51,444057.5,,-0.39,
2025-06-17,2.56,2.65,2.68,2.56,729456.8,,3.92,
2025-06-18,2.65,2.77,2.85,2.64,991650.8,,4.53,
2025-06-19,2.78,2.82,2.88,2.69,931367.05,,1.81,
2025-06-20,2.85,2.84,2.87,2.79,555680.76,,0.71,
2025-06-23,2.8,2.81,2.87,2.65,722184.07,,-1.06,
2025-06-24,2.77,2.78,2.81,2.72,519372.0,,-1.07,
2025-06-25,2.79,2.95,2.95,2.79,771242.15,,6.12,
2025-06-26,2.94,3.0,3.04,2.9,677361.75,,1.69,
2025-06-27,2.99,3.18,3.2,2.97,868475.0,,6.0,
2025-06-30,3.23,3.19,3.28,3.1,801858.0,,0.31,
2025-07-01,3.19,3.52,3.66,3.19,1131488.4,,10.34,
2025-07-02,3.58,3.38,3.86,3.37,1717629.96,,-3.98,
2025-07-03,3.36,3.44,3.57,3.36,1069671.25,,1.78,
2025-07-04,3.45,3.22,3.45,3.16,1171574.08,,-6.4,
2025-07-07,3.2,3.03,3.23,3.01,1022682.0,,-5.9,
2025-07-08,3.05,3.1,3.2,3.04,814350.92,,2.31,
2025-07-09,3.1,3.45,3.48,3.1,1175960.0,,11.29,
2025-07-10,3.41,3.54,3.57,3.36,1119237.92,,2.61,
2025-07-11,3.51,3.53,3.66,3.46,900088.97,,-0.28,
2025-07-14,3.52,3.66,3.67,3.49,738064.15,,3.68,
2025-07-15,3.65,3.67,3.7,3.55,693432.0,,0.27,
2025-07-16,3.67,3.4,3.72,3.4,1103679.04,,-7.36,
2025-07-17,3.38,3.59,3.65,3.27,854841.97,,5.59,
2025-07-18,3.58,3.52,3.6,3.44,715476.0,,-1.95,
2025-07-21,3.46,3.42,3.52,3.4,614677.0,,-2.84,
2025-07-22,3.44,3.46,3.55,3.43,578260.0,,1.17,
2025-07-23,3.44,3.19,3.45,3.15,1308498.12,,-7.8,
2025-07-24,3.13,3.19,3.26,3.01,839801.4,,0.0,
2025-07-25,3.2,3.11,3.22,3.11,590274.0,,-2.51,
2025-07-28,3.18,3.14,3.24,3.12,571798.92,,0.96,
2025-07-29,3.18,3.19,3.23,3.13,457998.0,,1.59,
2025-07-30,3.17,3.09,3.18,3.04,523527.7,,-3.13,
2025-07-31,3.09,3.14,3.16,3.07,444276.7,,1.62,
2025-08-01,3.13,3.07,3.14,3.06,326491.0,,-2.23,
2025-08-04,3.03,3.09,3.12,3.0,315957.96,,0.65,
2025-08-05,3.09,3.28,3.28,3.07,687233.63,,6.15,
2025-08-06,3.28,3.25,3.29,3.22,465219.0,,-0.91,
2025-08-07,3.23,3.37,3.43,3.23,702771.8,,3.69,
2025-08-08,3.35,3.39,3.45,3.33,517426.87,,0.59,
2025-08-11,3.41,3.49,3.54,3.4,552683.4,,2.95,
2025-08-12,3.49,3.33,3.52,3.33,667521.0,,-4.58,
2025-08-13,3.34,3.34,3.41,3.32,417263.8,,0.3,
2025-08-14,3.33,3.18,3.34,3.16,671718.85,,-4.79,
2025-08-15,3.19,3.25,3.27,3.19,341126.8,,2.2,
2025-08-18,3.24,3.25,3.26,3.18,488024.0,,0.0,
2025-08-19,3.26,3.27,3.35,3.25,446169.0,,0.62,
2025-08-20,3.26,3.25,3.26,3.2,324447.5,,-0.61,
2025-08-21,3.25,3.27,3.3,3.21,391399.0,,0.62,
2025-08-22,3.28,3.26,3.29,3.22,317788.0,,-0.31,
2025-08-25,3.22,3.22,3.24,3.17,479752.83,,-1.23,
2025-08-26,3.22,3.24,3.29,3.18,413731.0,,0.62,
2025-08-27,3.23,3.38,3.49,3.23,887027.34,,4.32,
2025-08-28,3.42,3.35,3.47,3.21,657639.8,,-0.89,
2025-08-29,3.35,3.38,3.73,3.35,1268910.54,,0.9,
2025-09-01,3.38,3.24,3.39,3.22,703890.0,,-4.14,
2025-09-02,3.25,3.13,3.26,3.09,635430.0,,-3.4,
2025-09-03,3.13,3.13,3.18,3.1,310542.44,,0.0,
2025-09-04,3.15,3.02,3.15,3.01,427170.0,,-3.51,
2025-09-05,3.05,3.11,3.14,3.01,303380.68,,2.98,
2025-09-08,3.09,3.05,3.1,3.03,329470.0,,-1.93,
2025-09-09,3.05,3.03,3.09,3.03,246494.8,,-0.66,
2025-09-10,3.04,3.04,3.05,3.01,261977.95,,0.33,
2025-09-11,3.03,3.07,3.08,3.01,257189.0,,0.99,
2025-09-12,3.06,3.03,3.06,3.02,263884.8,,-1.3,
2025-09-15,3.02,2.87,3.02,2.83,673798.63,,-5.28,
2025-09-16,2.89,2.88,2.91,2.86,301502.83,,0.35,
2025-09-17,2.83,2.72,2.84,2.71,653542.0,,-5.56,
2025-09-18,2.75,2.75,2.84,2.72,465899.0,,1.1,
2025-09-19,2.72,2.62,2.73,2.59,602253.68,,-4.73,
2025-09-22,2.63,2.48,2.65,2.48,560915.29,,-5.34,
2025-09-23,2.52,2.69,2.72,2.52,727961.77,,8.47,
2025-09-24,2.69,2.78,2.82,2.64,606562.0,,3.35,
2025-09-25,2.76,2.72,2.77,2.67,408055.0,,-2.16,
2025-09-26,2.72,2.63,2.72,2.61,308231.0,,-3.31,
2025-09-29,2.62,2.62,2.71,2.55,320293.0,,-0.38,
2025-09-30,2.6,2.65,2.67,2.58,238569.0,,1.15,
2025-10-09,2.7,2.74,2.8,2.68,347413.0,,3.4,
2025-10-10,2.73,2.74,2.78,2.71,256174.0,,0.0,
2025-10-13,2.66,2.71,2.73,2.61,223142.0,,-1.09,
2025-10-14,2.73,2.72,2.79,2.71,310351.0,,0.37,
2025-10-15,2.71,2.73,2.74,2.65,249594.0,,0.37,
2025-10-16,2.73,2.9,2.97,2.73,605687.0,,6.23,
2025-10-17,2.9,2.91,3.0,2.86,476942.0,,0.34,
2025-10-20,2.88,3.13,3.19,2.88,726855.74,,7.56,
2025-10-21,3.11,3.08,3.14,3.03,462451.8,,-1.6,
2025-10-22,3.08,3.14,3.22,3.06,460722.69,,1.95,
2025-10-23,3.12,3.04,3.16,2.99,432071.0,,-3.18,
2025-10-24,3.07,2.98,3.1,2.96,403391.0,,-1.97,
2025-10-27,2.97,3.03,3.09,2.97,332140.95,,1.68,
2025-10-28,3.04,3.01,3.05,2.97,310148.0,,-0.66,
2025-10-29,2.96,2.94,3.0,2.88,375518.0,,-2.33,
2025-10-30,2.89,2.92,2.99,2.89,247645.0,,-0.68,
2025-10-31,2.92,2.99,3.03,2.91,321680.0,,2.4,
2025-11-03,3.01,3.0,3.05,2.99,262091.81,,0.33,
2025-11-04,3.01,3.11,3.18,3.01,572574.24,,3.67,
2025-11-05,3.09,3.11,3.16,3.08,354221.2,,0.0,
2025-11-06,3.12,3.11,3.14,3.09,276616.2,,0.0,
2025-11-07,3.12,3.22,3.25,3.11,557590.64,,3.54,
2025-11-10,3.25,3.31,3.42,3.25,661445.0,,2.8,
2025-11-11,3.32,3.23,3.33,3.21,491623.2,,-2.42,
2025-11-12,3.24,3.27,3.37,3.24,395875.0,,1.24,
2025-11-13,3.28,3.4,3.44,3.27,666590.0,,3.98,
2025-11-14,3.5,3.27,3.58,3.27,940442.0,,-3.82,
2025-11-17,3.37,3.34,3.4,3.27,549002.95,,2.14,
2025-11-18,3.27,3.15,3.28,3.12,651103.83,,-5.69,
2025-11-19,3.17,3.09,3.22,3.05,438546.0,,-1.9,
2025-11-20,3.11,3.07,3.17,3.04,356704.0,,-0.65,
2025-11-21,3.01,2.99,3.04,2.92,437203.74,,-2.61,
2025-11-24,2.99,3.04,3.05,2.99,261648.0,,1.67,
2025-11-25,3.08,3.09,3.12,3.05,266159.74,,1.64,
2025-11-26,3.11,3.24,3.26,3.11,422437.0,,4.85,
2025-11-27,3.23,3.2,3.25,3.17,258650.0,,-1.23,
2025-11-28,3.22,3.32,3.34,3.19,364807.0,,3.75,
2025-12-01,3.49,3.33,3.69,3.32,1102699.03,,0.3,
2025-12-02,3.3,3.43,3.43,3.2,785741.69,,3.0,
2025-12-03,3.39,3.31,3.42,3.31,393311.0,,-3.5,
2025-12-04,3.28,3.22,3.34,3.22,347631.0,,-2.72,
2025-12-05,3.22,3.3,3.37,3.22,321877.0,,2.48,
2025-12-08,3.31,3.33,3.39,3.31,305214.0,,0.91,
2025-12-09,3.34,3.28,3.38,3.27,252488.6,,-1.5,
2025-12-10,3.26,3.27,3.3,3.24,239972.6,,-0.3,
2025-12-11,3.27,3.27,3.36,3.27,278076.0,,0.0,
2025-12-12,3.28,3.32,3.33,3.26,296199.0,,1.53,
2025-12-15,3.3,3.31,3.39,3.28,336573.01,,-0.3,
2025-12-16,3.31,3.13,3.32,3.13,396011.0,,-5.44,
2025-12-17,3.23,3.22,3.33,3.19,321310.84,,2.88,
2025-12-18,3.21,3.21,3.25,3.17,240149.0,,-0.31,
2025-12-19,3.29,3.24,3.29,3.21,430275.36,,0.93,
2025-12-22,3.31,3.39,3.55,3.31,1310642.33,,4.63,
2025-12-24,3.3,3.38,3.46,3.27,1056479.0,,-0.29,
2025-12-25,3.28,3.24,3.38,3.23,792570.0,,-4.14,
2025-12-26,3.3,3.29,3.38,3.25,552685.02,,1.54,
2025-12-29,3.27,3.18,3.28,3.17,538625.92,,-3.34,
2025-12-30,3.18,3.15,3.25,3.15,344706.0,,-0.94,
2025-12-31,3.23,3.18,3.25,3.17,302210.03,,0.95,
2026-01-05,3.2,3.21,3.24,3.17,335321.04,,0.94,
2026-01-06,3.17,3.18,3.2,3.17,378984.0,,-0.93,
2026-01-07,3.19,3.2,3.23,3.18,291619.0,,0.63,
2026-01-08,3.19,3.17,3.2,3.16,371821.0,,-0.94,
2026-01-09,3.17,3.15,3.19,3.15,422164.16,,-0.63,
2026-01-12,3.17,3.37,3.45,3.12,979222.82,,6.98,
2026-01-13,3.39,3.29,3.42,3.27,555366.66,,-2.37,
2026-01-14,3.29,3.29,3.36,3.25,484352.0,,0.0,
2026-01-15,3.27,3.39,3.45,3.24,670043.54,,3.04,
2026-01-16,3.45,3.35,3.46,3.33,413319.0,,-1.18,
2026-01-19,3.35,3.33,3.37,3.31,304943.63,,-0.6,
2026-01-20,3.32,3.28,3.35,3.26,321829.0,,-1.5,
2026-01-21,3.32,3.3,3.35,3.29,283747.91,,0.61,
2026-01-22,3.3,3.28,3.32,3.27,286740.91,,-0.61,
2026-01-23,3.3,3.29,3.31,3.26,341145.16,,0.3,
2026-01-26,3.29,3.21,3.3,3.18,418653.84,,-2.43,
2026-01-27,3.21,3.24,3.31,3.14,350173.84,,0.93,
2026-01-28,3.25,3.18,3.25,3.17,277655.24,,-1.85,
2026-01-29,3.17,3.15,3.2,3.12,270972.85,,-0.94,
2026-01-30,3.17,3.17,3.24,3.15,300209.2,,0.63,
2026-02-02,3.18,3.13,3.2,3.13,292823.0,,-1.26,
2026-02-03,3.14,3.14,3.16,3.08,301202.96,,0.32,
2026-02-04,3.15,3.16,3.17,3.13,216703.08,,0.64,
2026-02-05,3.16,3.1,3.16,3.1,227989.0,,-1.9,
2026-02-06,3.04,3.08,3.14,3.04,227759.0,,-0.65,
2026-02-09,3.09,3.12,3.14,3.06,184871.4,,1.3,
2026-02-10,3.13,3.11,3.13,3.09,157936.0,,-0.32,
2026-02-11,3.1,3.1,3.14,3.1,178901.23,,-0.32,
2026-02-12,3.11,3.09,3.13,3.09,187991.15,,-0.32,
2026-02-13,3.09,3.04,3.11,3.04,228366.0,,-1.62,
2026-02-24,3.08,3.09,3.1,3.06,167170.96,,1.64,
2026-02-25,3.08,3.15,3.15,3.08,193426.0,,1.94,
2026-02-26,3.14,3.27,3.32,3.12,504253.0,,3.81,
2026-02-27,3.27,3.26,3.28,3.21,277922.4,,-0.31,
2026-03-02,3.22,3.28,3.39,3.2,435749.0,,0.61,
2026-03-03,3.28,3.14,3.29,3.13,405436.0,,-4.27,
2026-03-04,3.09,3.13,3.19,3.06,216297.85,,-0.32,
2026-03-05,3.16,3.15,3.19,3.14,195662.0,,0.64,
2026-03-06,3.14,3.14,3.15,3.12,173319.0,,-0.32,
2026-03-09,3.09,3.11,3.13,3.05,208933.9,,-0.96,
2026-03-10,3.11,3.16,3.19,3.11,185731.69,,1.61,
2026-03-11,3.14,3.14,3.18,3.11,213143.0,,-0.63,
2026-03-12,3.12,3.1,3.15,3.1,197842.04,,-1.27,
2026-03-13,3.1,3.07,3.11,3.07,167610.0,,-0.97,
2026-03-16,3.08,3.09,3.12,3.07,149445.0,,0.65,
2026-03-17,3.09,3.06,3.12,3.05,160954.0,,-0.97,
2026-03-18,3.07,3.05,3.08,3.02,163054.84,,-0.33,
2026-03-19,3.03,2.99,3.06,2.98,213454.0,,-1.97,
2026-03-20,2.99,3.03,3.15,2.98,276677.0,,1.34,
2026-03-23,2.99,2.88,3.01,2.86,323090.0,,-4.95,
2026-03-24,2.93,2.94,2.96,2.89,150482.0,,2.08,
2026-03-25,2.95,3.02,3.05,2.94,181640.0,,2.72,
2026-03-26,3.0,2.99,3.04,2.98,136832.0,,-0.99,
2026-03-27,2.98,3.05,3.07,2.97,177194.0,,2.01,
2026-03-30,3.04,3.1,3.11,3.03,199308.34,,1.64,
2026-03-31,3.12,3.09,3.15,3.07,174123.34,,-0.32,
2026-04-01,3.1,3.08,3.13,3.06,126294.0,,-0.32,
2026-04-02,3.07,3.05,3.08,3.02,144894.0,,-0.97,
2026-04-03,3.07,2.99,3.07,2.99,119684.0,,-1.97,
2026-04-07,3.01,3.0,3.03,3.0,96562.0,,0.33,
2026-04-08,3.03,3.07,3.07,3.03,156430.15,,2.33,
2026-04-09,3.05,3.06,3.1,3.04,145023.0,,-0.33,
2026-04-10,3.1,3.1,3.13,3.07,204949.0,,1.31,
2026-04-13,3.08,3.15,3.18,3.08,210033.63,,1.61,
2026-04-14,3.16,3.19,3.19,3.14,221876.96,,1.27,
2026-04-15,3.2,3.24,3.32,3.2,406080.59,,1.57,
2026-04-16,3.24,3.41,3.46,3.24,606758.34,,5.25,
2026-04-17,3.44,3.38,3.46,3.34,449446.27,,-0.88,
2026-04-20,3.4,3.39,3.46,3.35,342906.61,,0.3,
2026-04-21,3.41,3.41,3.42,3.37,257751.24,,0.59,
2026-04-22,3.41,3.34,3.5,3.32,385700.04,,-2.05,
2026-04-23,3.32,3.31,3.44,3.3,273778.06,,-0.9,
2026-04-24,3.32,3.4,3.4,3.28,284632.67,,2.72,
2026-04-27,3.38,3.44,3.46,3.36,312492.95,,1.18,
2026-04-28,3.46,3.57,3.58,3.41,481440.95,,3.78,
2026-04-29,3.6,3.41,3.72,3.4,807724.63,,-4.48,
2026-04-30,3.37,3.37,3.44,3.35,344427.0,,-1.17,
2026-05-06,3.39,3.54,3.6,3.39,509512.88,,5.04,
2026-05-07,3.54,3.54,3.57,3.48,382635.0,,0.0,
2026-05-08,3.55,3.74,3.74,3.53,552787.45,,5.65,
2026-05-11,3.8,4.04,4.2,3.71,1013021.83,,8.02,
2026-05-12,4.06,4.07,4.2,3.98,793049.83,,0.74,
2026-05-13,4.05,4.15,4.22,4.02,528044.99,,1.97,
2026-05-14,4.16,4.11,4.19,4.07,415859.98,,-0.96,
2026-05-15,4.11,4.33,4.36,4.11,678616.41,,5.35,
2026-05-18,4.34,4.31,4.44,4.25,556523.16,,-0.46,
2026-05-19,4.3,4.12,4.32,4.05,639010.0,,-4.41,
2026-05-20,4.09,4.17,4.23,4.06,360668.16,,1.21,
2026-05-21,4.12,4.09,4.26,4.06,468700.0,,-1.92,
2026-05-22,4.09,4.16,4.17,4.09,297813.97,,1.71,
2026-05-25,4.16,4.15,4.25,4.12,331925.0,,-0.24,
2026-05-26,4.12,4.02,4.12,3.97,470251.08,,-3.13,
2026-05-27,3.99,3.78,4.03,3.7,617182.99,,-5.97,
2026-05-28,3.77,3.94,3.95,3.76,359363.87,,4.23,
2026-05-29,3.92,3.88,4.07,3.85,411949.8,,-1.52,
2026-06-01,3.86,3.92,3.94,3.81,239203.96,,1.03,
2026-06-02,3.91,4.25,4.33,3.9,582937.07,,8.42,
2026-06-03,4.21,4.16,4.25,4.12,432557.77,,-2.12,
2026-06-04,4.14,4.13,4.22,4.1,268308.0,,-0.72,
2026-06-05,4.18,4.21,4.27,4.13,352427.0,,1.94,
2026-06-08,4.15,4.06,4.16,4.01,326021.0,,-3.56,
2026-06-09,4.09,4.08,4.12,3.98,248411.0,,0.49,
2026-06-10,4.04,3.92,4.06,3.91,265423.0,,-3.92,
2026-06-11,3.94,4.14,4.15,3.93,327990.05,,5.61,
2026-06-12,4.11,4.17,4.2,4.08,288970.0,,0.72,
2026-06-15,4.13,4.11,4.19,4.1,256983.0,,-1.44,
2026-06-16,4.11,4.12,4.15,4.05,244702.0,,0.24,
2026-06-17,4.18,4.12,4.23,4.12,295036.0,,0.0,
2026-06-22,4.22,3.84,4.37,3.82,1283477.54,,-6.8,
2026-06-23,3.75,3.68,3.91,3.62,833173.24,,-4.17,
2026-06-24,3.63,3.83,4.02,3.42,1151812.59,,4.08,
2026-06-25,3.8,3.68,3.8,3.61,592977.0,,-3.92,
2026-06-26,3.6,3.58,3.76,3.55,487442.16,,-2.72,
2026-06-29,3.56,3.41,3.63,3.4,498908.7,,-4.75,
2026-06-30,3.45,3.34,3.5,3.31,623146.11,,-2.05,
2026-07-01,3.34,3.42,3.5,3.23,668760.7,,2.4,
2026-07-02,3.4,3.3,3.5,3.28,601974.63,,-3.51,
2026-07-03,3.28,3.44,3.59,3.26,831116.43,,4.24,
2026-07-06,3.42,3.35,3.51,3.3,531718.43,,-2.62,
2026-07-07,3.34,3.21,3.35,3.15,413735.21,,-4.18,
2026-07-08,3.23,3.09,3.25,3.08,356467.43,,-3.74,
2026-07-09,3.1,3.12,3.16,3.04,375610.11,,0.97,
2026-07-10,3.09,3.18,3.27,3.09,537379.33,,1.92,
2026-07-13,3.13,2.9,3.17,2.9,593531.0,,-8.81,
2026-07-14,2.91,2.94,2.95,2.87,329338.62,,1.38,
2026-07-15,2.98,2.96,3.04,2.93,327725.33,,0.68,
2026-07-16,2.95,2.94,3.02,2.92,302066.62,,-0.68,
2026-07-17,2.94,2.83,2.97,2.81,379934.0,,-3.74,
2026-07-20,2.86,2.76,2.92,2.71,404088.12,,-2.47,
2026-07-21,2.75,2.79,2.79,2.57,426811.0,,1.09,
2026-07-22,2.75,2.72,2.81,2.71,300162.0,,-2.51,
2026-07-23,2.73,2.84,2.85,2.71,426909.29,,4.41,
2026-07-24,2.82,2.74,2.86,2.73,313042.0,,-3.52,
2026-07-27,2.76,2.85,2.85,2.73,317405.71,,4.01,
2026-07-28,2.82,2.82,2.88,2.8,345652.08,,-1.05,
2026-07-29,2.85,2.84,2.86,2.77,400482.0,,0.71,
2026-07-30,2.81,2.75,2.86,2.72,442457.21,,-3.17,
2026-07-31,2.79,2.83,2.87,2.79,484352.12,,2.91,
2026-08-03,2.84,3.12,3.2,2.84,1105577.64,,10.25,
2026-08-04,3.11,3.15,3.15,3.08,719527.01,,0.96,
2026-08-05,3.12,3.15,3.18,3.12,581252.33,,0.0,
2026-08-06,3.16,3.11,3.21,3.06,502075.0,,-1.27,
2026-08-07,3.11,3.06,3.13,3.01,350361.0,,-1.61,
2026-08-10,3.08,3.09,3.09,3.02,292838.0,,0.98,
2026-08-11,3.07,3.05,3.11,3.01,347034.0,,-1.29,
2026-08-12,3.05,3.08,3.1,3.04,334776.0,,0.98,
2026-08-13,3.08,3.02,3.12,3.01,474336.56,,-1.95,
2026-08-14,3.02,2.98,3.06,2.95,350495.0,,-1.32,
2026-08-17,2.96,3.06,3.07,2.96,439253.0,,2.68,
2026-08-18,3.05,3.03,3.09,3.02,331887.0,,-0.98,
2026-08-19,3.04,2.86,3.05,2.84,514507.0,,-5.61,
2026-08-20,2.86,2.87,2.89,2.84,277541.27,,0.35,
2026-08-21,2.85,2.93,2.97,2.83,305135.27,,2.09,
2026-08-24,2.91,2.86,2.93,2.83,261971.05,,-2.39,
2026-08-25,2.83,2.95,2.98,2.83,439101.2,,3.15,
2026-08-26,2.95,2.99,3.01,2.94,317959.0,,1.36,
2026-08-27,2.98,3.03,3.04,2.95,381703.27,,1.34,
2026-08-28,3.01,3.06,3.08,2.98,532302.59,,0.99,
2026-08-31,3.05,3.1,3.12,3.03,488807.12,,1.31,
2026-09-01,3.1,3.18,3.21,3.09,626633.0,,2.58,
2026-09-02,3.16,3.07,3.19,3.07,520078.83,,-3.46,
2026-09-03,3.11,3.1,3.15,3.07,403790.0,,0.98,
2026-09-04,3.09,3.06,3.12,3.04,336518.0,,-1.29,
2026-09-07,3.07,3.06,3.11,3.04,271512.0,,0.0,
2026-09-08,3.05,3.08,3.1,3.05,330838.26,,0.65,
2026-09-09,3.08,3.07,3.14,3.05,418289.0,,-0.32,
2026-09-10,3.04,3.02,3.06,3.01,276013.0,,-1.63,
2026-09-11,3.02,2.95,3.02,2.92,319555.0,,-2.32,
2026-09-14,2.93,2.94,2.96,2.91,194769.81,,-0.34,
2026-09-15,2.94,2.88,2.94,2.88,203557.0,,-2.04,
2026-09-16,2.88,2.91,2.92,2.87,176900.38,,1.04,
2026-09-17,2.88,2.88,2.9,2.84,247320.51,,-1.03,
2026-09-18,2.89,2.89,2.9,2.87,224062.42,,0.35,
2026-09-21,2.9,2.92,2.94,2.88,284705.0,,1.04,
2026-09-22,2.93,2.93,2.96,2.91,307759.0,,0.34,
2026-09-23,2.92,2.84,2.93,2.84,301335.81,,-3.07,
2026-09-24,2.84,2.8,2.86,2.79,200206.0,,-1.41,
2026-09-28,2.81,2.73,2.81,2.7,248044.0,,-2.5,
2026-09-29,2.72,2.73,2.76,2.71,167252.12,,0.0,
2026-09-30,2.75,2.72,2.76,2.71,198390.0,,-0.37,
2026-10-08,2.73,2.74,2.81,2.72,240388.0,,0.74,
2026-10-09,2.74,2.76,2.78,2.66,283428,,0.73,
